Individual,Species,MigStatus,Site,PercentAg,AgCategory,Buffered,Percent_Total_Veg,SPEI,Event,Julian,DaysIntoSeason,Sunrise,Time,Sex,Age,Wing,Culmen,Head,NareTip,DiagTarsus,Fat,Mass,PecScore,PecSizeBig,PecSizeSmall,PecSizeBest,PecSize25,OverallNeonic,Flonicamid,Clothianidin,Thiamethoxam,Imidacloprid,Thiacloprid,Uric,Tri,Beta,Lipemia,Hemolysis,Yellow,Biomass,Diversity,Permanence,DominantCrop,DominantLandUse,NearestCropDistance_m,NearestCropType,Dist_Closest_Wetland_m,MaxBufferWidth_m,PercentBufferAroundWetland,Percent_Exposed_Shoreline,Max_Flock_Size,WaterNeonicDetection,InvertPesticideDetection,PlasmaDetection,AnyDetection,WaterOrInvertDetection
109471921,Willet,Resident,Sewage,60.1335428,Moderate,N,2,-1.51,Fall 2021,196,2,6:00,16:20,F,NA,217,61.8,99.9,45.4,74,0,319.6,NA,NA,NA,NA,NA,0,0,0,0,0,0,NA,NA,NA,NA,NA,NA,NA,NA,Permanent,Soybean,Agriculture,41,Soybean,46,30,30,70,126,Y,NA,N,Y,Y
123200535,Killdeer,Resident,Sewage,60.1335428,Moderate,N,2,-1.51,Fall 2021,196,2,6:00,12:45,NA,NA,164,19.8,49.5,12.2,39.2,0,88.4,NA,NA,NA,NA,NA,1.71875,0,0,1.71875,0,0,NA,NA,NA,NA,NA,NA,NA,NA,Permanent,Soybean,Agriculture,41,Soybean,46,30,30,70,126,Y,NA,Y,Y,Y
109471919,Willet,Resident,Sewage,60.1335428,Moderate,N,2,-1.51,Fall 2021,197,3,6:01,14:09,F,NA,211,60.8,98.5,46,64.2,4,372.9,NA,NA,NA,NA,NA,0.475,0,0,0.475,0,0,NA,NA,NA,NA,NA,NA,NA,NA,Permanent,Soybean,Agriculture,41,Soybean,46,30,30,70,38,Y,NA,Y,Y,Y
109471920,Willet,Resident,Sewage,60.1335428,Moderate,N,2,-1.51,Fall 2021,197,3,6:01,13:54,M,NA,215,61.5,98.9,44.6,64.8,2,335.1,NA,NA,NA,NA,NA,0,0,0,0,0,0,NA,NA,NA,NA,NA,NA,NA,NA,Permanent,Soybean,Agriculture,41,Soybean,46,30,30,70,38,Y,NA,N,Y,Y
123200533,Lesser Yellowlegs,Migratory,Sewage,60.1335428,Moderate,N,2,-1.51,Fall 2021,197,3,6:01,12:16,F,Adult,160,34.9,64.8,28,48.9,3,113.5,NA,NA,NA,NA,NA,0,0,0,0,0,0,NA,NA,NA,NA,NA,NA,NA,NA,Permanent,Soybean,Agriculture,41,Soybean,46,30,30,70,38,Y,NA,N,Y,Y
123200534,Lesser Yellowlegs,Migratory,Sewage,60.1335428,Moderate,N,2,-1.51,Fall 2021,197,3,6:01,10:42,M,Adult,156,35.7,66.7,28.9,51.9,3,94.6,NA,NA,NA,NA,NA,0.275,0,0,0.275,0,0,NA,NA,NA,NA,NA,NA,NA,NA,Permanent,Soybean,Agriculture,41,Soybean,46,30,30,70,38,Y,NA,Y,Y,Y
258116700,Semipalmated Sandpiper,Migratory,Sewage,60.1335428,Moderate,N,2,-1.51,Fall 2021,197,3,6:01,14:25,F,NA,99,19.5,39.6,16.2,22.6,0,21.1,NA,NA,NA,NA,NA,0,0,0,0,0,0,NA,NA,NA,NA,NA,NA,NA,NA,Permanent,Soybean,Agriculture,41,Soybean,46,30,30,70,38,Y,NA,N,Y,Y
123200527,Lesser Yellowlegs,Migratory,Pelican,78.0235988,High,N,1,-1.51,Fall 2021,198,4,6:03,12:40,F,Adult,160,36.4,63.4,28.5,52,1,108.8,NA,NA,NA,NA,NA,0.25,0,0,0.25,0,0,NA,NA,NA,NA,NA,NA,NA,NA,Permanent,Soybean,Agriculture,18,Soybean,27,30,90,100,53,Y,NA,Y,Y,Y
123200528,Pectoral Sandpiper,Migratory,Pelican,78.0235988,High,N,1,-1.51,Fall 2021,198,4,6:03,11:30,M,NA,143,30.7,56.7,25.7,29.1,0,84.2,NA,NA,NA,NA,NA,0,0,0,0,0,0,NA,NA,NA,NA,NA,NA,NA,NA,Permanent,Soybean,Agriculture,18,Soybean,27,30,90,100,53,Y,NA,N,Y,Y
123200529,Killdeer,Resident,Pelican,78.0235988,High,N,1,-1.51,Fall 2021,198,4,6:03,10:43,M,NA,162,19.5,48.8,12.3,37.9,0,85.4,NA,NA,NA,NA,NA,0,0,0,0,0,0,NA,NA,NA,NA,NA,NA,NA,NA,Permanent,Soybean,Agriculture,18,Soybean,27,30,90,100,53,Y,NA,N,Y,Y
123200530,Lesser Yellowlegs,Migratory,Pelican,78.0235988,High,N,1,-1.51,Fall 2021,198,4,6:03,9:58,F,Adult,156,35,64.5,27.7,50,0,78.3,NA,NA,NA,NA,NA,0,0,0,0,0,0,NA,NA,NA,NA,NA,NA,NA,NA,Permanent,Soybean,Agriculture,18,Soybean,27,30,90,100,53,Y,NA,N,Y,Y
123200531,Lesser Yellowlegs,Migratory,Pelican,78.0235988,High,N,1,-1.51,Fall 2021,198,4,6:03,8:50,F,Adult,156,34,64.7,27.6,52.6,0,92.5,NA,NA,NA,NA,NA,0.6875,0,0,0.6875,0,0,NA,NA,NA,NA,NA,NA,NA,NA,Permanent,Soybean,Agriculture,18,Soybean,27,30,90,100,53,Y,NA,Y,Y,Y
123200532,Killdeer,Resident,Pelican,78.0235988,High,N,1,-1.51,Fall 2021,198,4,6:03,8:05,M,NA,168,20.2,51.5,13.2,39.1,0,120,NA,NA,NA,NA,NA,0,0,0,0,0,0,NA,NA,NA,NA,NA,NA,NA,NA,Permanent,Soybean,Agriculture,18,Soybean,27,30,90,100,53,Y,NA,N,Y,Y
123200524,Lesser Yellowlegs,Migratory,Buffalo,3.7494067,Low,Y,1,-1.56,Fall 2021,199,5,6:01,11:25,M,Adult,158,34,64,26.5,47.1,0,86.1,NA,NA,NA,NA,NA,0,0,0,0,0,0,NA,NA,NA,NA,NA,NA,NA,NA,Permanent,Grassland,Grassland,1830,Alfalfa,192,120,100,100,81,N,NA,N,N,N
123200525,Lesser Yellowlegs,Migratory,Buffalo,3.7494067,Low,Y,1,-1.56,Fall 2021,199,5,6:01,10:33,F,Adult,157,37.4,68.5,30.6,52.5,0,85.2,NA,NA,NA,NA,NA,0,0,0,0,0,0,991,1.04,0.56,None,Slight,OnePlus,NA,NA,Permanent,Grassland,Grassland,1830,Alfalfa,192,120,100,100,81,N,NA,N,N,N
123200526,Lesser Yellowlegs,Migratory,Buffalo,3.7494067,Low,Y,1,-1.56,Fall 2021,199,5,6:01,9:45,M,Adult,152,32.8,63.4,26.4,49.6,1,101.3,NA,NA,NA,NA,NA,0,0,0,0,0,0,NA,NA,NA,NA,NA,NA,NA,NA,Permanent,Grassland,Grassland,1830,Alfalfa,192,120,100,100,81,N,NA,N,N,N
123200521,Lesser Yellowlegs,Migratory,Church,52.681628,Moderate,N,10,-1.75,Fall 2021,200,7,5:57,10:41,F,Adult,158,35.3,66.1,29.3,53.4,2,115.5,NA,NA,NA,NA,NA,0.35,0,0,0.35,0,0,NA,NA,NA,NA,NA,NA,NA,NA,Permanent,Wheat,Agriculture,32,Wheat,325,0,0,100,66,N,NA,Y,Y,N
123200522,Lesser Yellowlegs,Migratory,Church,52.681628,Moderate,N,10,-1.75,Fall 2021,200,7,5:57,9:10,M,Adult,159,34.6,64.1,28.1,51.5,0,92.1,NA,NA,NA,NA,NA,0.8,0,0,0.8,0,0,NA,NA,NA,NA,NA,NA,NA,NA,Permanent,Wheat,Agriculture,32,Wheat,325,0,0,100,66,N,NA,Y,Y,N
123200523,Lesser Yellowlegs,Migratory,Church,52.681628,Moderate,N,10,-1.75,Fall 2021,200,7,5:57,9:10,M,Adult,160,38.3,69,29.6,54.1,2,113.8,NA,NA,NA,NA,NA,0,0,0,0,0,0,NA,NA,NA,NA,NA,NA,NA,NA,Permanent,Wheat,Agriculture,32,Wheat,325,0,0,100,66,N,NA,N,N,N
123200520,Pectoral Sandpiper,Migratory,Silver,65.7703007,Moderate,N,90,-1.75,Fall 2021,201,8,5:59,13:30,M,NA,150,39.7,56.9,24.2,32.1,2,109.5,NA,NA,NA,NA,NA,0,0,0,0,0,0,NA,NA,NA,NA,NA,NA,NA,NA,Permanent,Soybean,Agriculture,25,Soybean,16,190,100,10,43,N,NA,N,N,N
123200517,Lesser Yellowlegs,Migratory,Silver,65.7703007,Moderate,N,90,-1.75,Fall 2021,202,9,6:00,17:30,F,Adult,166,37.8,69.4,30.4,58.4,4,146.2,NA,NA,NA,NA,NA,0,0,0,0,0,0,NA,NA,NA,NA,NA,NA,NA,NA,Permanent,Soybean,Agriculture,25,Soybean,16,190,100,10,19,N,NA,N,N,N
123200518,Pectoral Sandpiper,Migratory,Silver,65.7703007,Moderate,N,90,-1.75,Fall 2021,202,9,6:00,13:05,M,NA,137,29.9,55.6,23.4,29.5,2,91.1,NA,NA,NA,NA,NA,0,0,0,0,0,0,1420,2.52,0.46,Slight,Slight,None,NA,NA,Permanent,Soybean,Agriculture,25,Soybean,16,190,100,10,19,N,NA,N,N,N
123200519,Pectoral Sandpiper,Migratory,Silver,65.7703007,Moderate,N,90,-1.75,Fall 2021,202,9,6:00,10:00,M,NA,141,27.5,54.3,21.9,29.6,1,77.8,NA,NA,NA,NA,NA,0,0,0,0,0,0,NA,NA,NA,NA,NA,NA,NA,NA,Permanent,Soybean,Agriculture,25,Soybean,16,190,100,10,19,N,NA,N,N,N
123200516,Killdeer,Resident,Jared,73.0084349,Moderate,N,16,-1.51,Fall 2021,206,12,6:12,11:03,M,NA,173,20.2,52.5,13.9,39.6,0,99,NA,NA,NA,NA,NA,0,0,0,0,0,0,NA,NA,NA,NA,NA,NA,NA,NA,Semipermanent,Soybean,Agriculture,46,Soybean,200,60,100,40,67,Y,NA,N,Y,Y
256178420,Pectoral Sandpiper,Migratory,Jared,73.0084349,Moderate,N,16,-1.51,Fall 2021,206,12,6:12,7:50,F,NA,134,27.8,51.9,22.2,27.1,0,60.3,NA,NA,NA,NA,NA,1.525,0,0,0,1.525,0,NA,NA,NA,NA,NA,NA,NA,NA,Semipermanent,Soybean,Agriculture,46,Soybean,200,60,100,40,67,Y,NA,Y,Y,Y
256178430,Pectoral Sandpiper,Migratory,Jared,73.0084349,Moderate,N,16,-1.51,Fall 2021,206,12,6:12,7:40,F,NA,129,25.9,49.3,20.7,28.3,0,52.5,NA,NA,NA,NA,NA,0,0,0,0,0,0,NA,NA,NA,NA,NA,NA,NA,NA,Semipermanent,Soybean,Agriculture,46,Soybean,200,60,100,40,67,Y,NA,N,Y,Y
123200515,Lesser Yellowlegs,Migratory,Jared,73.0084349,Moderate,N,16,-1.51,Fall 2021,207,13,6:13,6:07,F,Adult,163,39.4,71,31.2,54.5,0,98.2,NA,NA,NA,NA,NA,0.325,0,0,0.325,0,0,1090,1.26,0.63,None,Slight,OnePlus,NA,NA,Semipermanent,Soybean,Agriculture,46,Soybean,200,60,100,40,54,Y,NA,Y,Y,Y
109471918,Marbled Godwit,Resident,Freeman1,23.2023011,Low,N,100,2.07,Spring 2022,113,0,6:28,16:50,M,NA,235,101.1,145.1,87.4,75.1,3,389.4,4,4.6,NA,-4.6,-4.6,4.9,0,4.9,0,0,0,NA,NA,NA,NA,NA,NA,NA,NA,Temporary,Grassland,Grassland,50,Soybean,73,0,0,100,47,NA,NA,Y,Y,N
123200501,Lesser Yellowlegs,Migratory,Freeman2,15.8898305,Low,Y,100,2.07,Spring 2022,113,0,6:28,15:53,M,Adult,170,37.4,68.7,30.8,55.2,1,104.2,2,4.8,NA,-4.8,-4.8,1.425,0,1.425,0,0,0,NA,NA,NA,NA,NA,NA,NA,NA,Temporary,Grassland,Grassland,210,Soybean,32,0,0,100,12,NA,NA,Y,Y,N
123200502,Wilsons Phalarope,Resident,Freeman1,23.2023011,Low,N,100,2.07,Spring 2022,114,1,6:26,11:40,M,NA,124,29.2,56.1,27.3,31.6,0,43.1,1,4.7,NA,-4.7,-4.7,0.275,0,0,0.275,0,0,NA,NA,NA,NA,NA,NA,NA,NA,Temporary,Grassland,Grassland,50,Soybean,73,0,0,100,9,NA,NA,Y,Y,N
109471916,American Avocet,Resident,Freeman3,24.6948357,Low,N,60,2.07,Spring 2022,115,2,6:25,12:40,M,NA,225,92.3,130.3,77.8,89.9,0,320.9,1,5.3,NA,-5.3,-5.3,0,0,0,0,0,0,NA,NA,NA,NA,NA,NA,NA,NA,Seasonal,Grassland,Grassland,26,Soybean,10,0,0,40,28,N,NA,N,N,N
109471917,Greater Yellowlegs,Migratory,Freeman3,24.6948357,Low,N,60,2.07,Spring 2022,115,2,6:25,11:20,F,NA,200,60.2,99.6,49,67,1,236.5,2,4.4,NA,-4.4,-4.4,2,0,0,0,2,0,NA,NA,NA,NA,NA,NA,NA,NA,Seasonal,Grassland,Grassland,26,Soybean,10,0,0,40,28,N,NA,Y,Y,N
123200503,Lesser Yellowlegs,Migratory,Freeman3,24.6948357,Low,N,60,2.07,Spring 2022,115,2,6:25,15:30,F,Adult,165,34.6,65.1,28.3,48.2,0,103.5,2,3.4,NA,-3.4,-3.4,13.625,0,1.125,12.5,0,0,NA,NA,NA,NA,NA,NA,NA,NA,Seasonal,Grassland,Grassland,26,Soybean,10,0,0,40,28,N,NA,Y,Y,N
123200504,Lesser Yellowlegs,Migratory,Freeman3,24.6948357,Low,N,60,2.07,Spring 2022,115,2,6:23,16:05,M,Adult,157,39.4,69.9,31.3,48.2,0,96.9,2,4.4,NA,-4.4,-4.4,2.6,0,1.325,0,1.275,0,NA,NA,NA,NA,NA,NA,NA,NA,Seasonal,Grassland,Grassland,26,Soybean,10,0,0,40,28,N,NA,Y,Y,N
123200505,Lesser Yellowlegs,Migratory,WoodLake1,46.346783,Moderate,N,20,1,Spring 2022,116,3,6:23,14:05,M,Adult,159,34.3,63.2,26.6,50.7,1,90.5,2,4.5,NA,-4.5,-4.5,73.2,0,7.35,63.75,2.1,0,NA,NA,NA,NA,NA,NA,NA,NA,Temporary,Soybean,Agriculture,0,Soybean,10,0,0,45,50,Y,NA,Y,Y,Y
123200506,Lesser Yellowlegs,Migratory,WoodLake1,46.346783,Moderate,N,20,1,Spring 2022,116,3,6:23,16:16,M,Adult,160,35.7,66.8,29.5,50.7,0,92.9,2,4.4,NA,-4.4,-4.4,10.1,0,1.25,7.55,1.3,0,NA,NA,NA,NA,NA,NA,NA,NA,Temporary,Soybean,Agriculture,0,Soybean,10,0,0,45,50,Y,NA,Y,Y,Y
123200507,Lesser Yellowlegs,Migratory,WoodLake1,46.346783,Moderate,N,20,1,Spring 2022,116,3,6:23,16:16,F,Adult,168,35.9,67,29.3,55.4,0,109.5,2,4.4,NA,-4.4,-4.4,9.725,0,1.5,8.225,0,0,644,1.9,0.76,None,Slight,OnePlus,NA,NA,Temporary,Soybean,Agriculture,0,Soybean,10,0,0,45,50,Y,NA,Y,Y,Y
123200508,Lesser Yellowlegs,Migratory,WoodLake2,44.6391753,Moderate,N,100,1,Spring 2022,116,3,6:23,17:55,M,Adult,158,37,68,31.1,53.5,0,95.6,1,5,NA,-5,-5,0.5,0,0,0.5,0,0,NA,NA,NA,NA,NA,NA,NA,NA,Temporary,Grassland,Grassland,16,Soybean,25,0,0,100,50,Y,NA,Y,Y,Y
123200509,Lesser Yellowlegs,Migratory,WoodLake2,44.6391753,Moderate,N,100,1,Spring 2022,117,4,6:21,12:45,F,Adult,164,34.4,64.5,27.6,51,0,81.3,1,6.6,NA,-6.6,-6.6,3.15,0,0,3.15,0,0,534,1.26,0.19,Slight,Slight,None,NA,NA,Temporary,Grassland,Grassland,16,Soybean,25,0,0,100,32,Y,NA,Y,Y,Y
123200510,Lesser Yellowlegs,Migratory,WoodLake2,44.6391753,Moderate,N,100,1,Spring 2022,117,4,6:21,12:45,M,Adult,151,34.3,64.7,27.5,49.7,0,80.5,1,7.5,NA,-7.5,-7.5,0.225,0,0,0.225,0,0,NA,NA,NA,NA,NA,NA,NA,NA,Temporary,Grassland,Grassland,16,Soybean,25,0,0,100,32,Y,NA,Y,Y,Y
123200511,Lesser Yellowlegs,Migratory,WoodLake2,44.6391753,Moderate,N,100,1,Spring 2022,117,4,6:21,14:30,M,Adult,161,33.6,63.5,26.1,48.8,0,91.2,2,3.6,NA,-3.6,-3.6,2.725,0,1.05,1.675,0,0,NA,NA,NA,NA,NA,NA,NA,NA,Temporary,Grassland,Grassland,16,Soybean,25,0,0,100,32,Y,NA,Y,Y,Y
123200512,Lesser Yellowlegs,Migratory,WoodLake2,44.6391753,Moderate,N,100,1,Spring 2022,117,4,6:21,15:30,M,Adult,159,34.7,65.9,27.3,52.6,0,88.9,1,4.9,NA,-4.9,-4.9,3.55,0,0.775,2.775,0,0,1137,2.18,1.53,OnePlus,None,Slight,NA,NA,Temporary,Grassland,Grassland,16,Soybean,25,0,0,100,32,Y,NA,Y,Y,Y
123200513,Wilsons Phalarope,Resident,Bieber,59.9832916,Moderate,N,60,2.22,Spring 2022,120,7,6:27,17:00,F,NA,131,32.8,60.2,29,32.2,0,55.7,2,4.8,NA,-4.8,-4.8,5.075,0,0,5.075,0,0,1473,3.44,0.47,OnePlus,None,None,NA,NA,Permanent,Grassland,Grassland,20,Alfalfa,20,100,90,10,34,N,NA,Y,Y,N
123200514,Wilsons Phalarope,Resident,Bieber,59.9832916,Moderate,N,60,2.22,Spring 2022,120,7,6:27,17:30,F,NA,136,34.1,60.9,30.4,34.8,0,59.2,1,5.5,NA,-5.5,-5.5,0.275,0,0,0.275,0,0,1354,3.74,NA,TwoPlus,None,None,NA,NA,Permanent,Grassland,Grassland,20,Alfalfa,20,100,90,10,34,N,NA,Y,Y,N
123200536,Wilsons Phalarope,Resident,Bieber,59.9832916,Moderate,N,60,2.22,Spring 2022,120,7,6:27,18:00,F,NA,133,34.6,60.3,30.7,34.3,0,55.8,2,5.1,NA,-5.1,-5.1,0.8,0,0,0.8,0,0,1170,3.33,0.3,TwoPlus,Slight,None,NA,NA,Permanent,Grassland,Grassland,20,Alfalfa,20,100,90,10,34,N,NA,Y,Y,N
123200537,Wilsons Phalarope,Resident,Stan,27.7207392,Moderate,Y,5,2.22,Spring 2022,121,8,6:24,14:20,F,NA,131,32.2,56.6,29,33.1,0,49.2,0,7.2,NA,-7.2,-7.2,5.55,0,0,5.55,0,0,1483,1.92,1.29,OnePlus,None,None,NA,NA,Permanent,Grassland,Grassland,134,Corn,390,0,0,100,188,N,NA,Y,Y,N
123200538,Wilsons Phalarope,Resident,Stan,27.7207392,Moderate,Y,5,2.22,Spring 2022,121,8,6:24,14:50,F,NA,137,34.1,60.1,30.8,32.2,3,69.9,3,3,NA,-3,-3,0.675,0,0,0.675,0,0,614,1.71,1.16,Slight,None,None,NA,NA,Permanent,Grassland,Grassland,134,Corn,390,0,0,100,188,N,NA,Y,Y,N
258116698,Semipalmated Sandpiper,Migratory,Stan,27.7207392,Moderate,Y,5,2.22,Spring 2022,121,8,6:24,12:30,M,NA,98,17.4,38.5,13.6,21.6,0,27.9,2,6.4,3.6,-6.4,-6.4,0.25,0,0,0.25,0,0,63,0.12,0.09,OnePlus,Slight,Slight,NA,NA,Permanent,Grassland,Grassland,134,Corn,390,0,0,100,188,N,NA,Y,Y,N
258116699,Semipalmated Sandpiper,Migratory,Stan,27.7207392,Moderate,Y,5,2.22,Spring 2022,121,8,6:24,12:15,F,NA,97,18.3,37.8,14.7,22.5,0,26.2,2,6.1,3.8,-6.1,-6.1,140.375,0,12.75,120.75,6.875,0,1389,1.95,0.85,Slight,None,None,NA,NA,Permanent,Grassland,Grassland,134,Corn,390,0,0,100,188,N,NA,Y,Y,N
SEPA1,Semipalmated Sandpiper,Migratory,Stan,27.7207392,Moderate,Y,5,2.22,Spring 2022,121,8,6:24,13:30,M,NA,97,16.8,37.4,13.9,21.7,0,27.9,2,5.9,3.4,-5.9,-5.9,120.225,0,6.9,110,3.325,0,NA,NA,NA,NA,NA,NA,NA,NA,Permanent,Grassland,Grassland,134,Corn,390,0,0,100,188,N,NA,Y,Y,N
123200539,Wilsons Phalarope,Resident,Bieber,59.9832916,Moderate,N,60,2.22,Spring 2022,122,9,6:24,16:30,F,NA,139,36.7,65,33.6,35,0,67.6,2,5.7,NA,-5.7,-5.7,0.35,0,0,0.35,0,0,1156,1.41,0.82,None,OnePlus,None,NA,NA,Permanent,Grassland,Grassland,20,Alfalfa,20,100,90,10,30,N,NA,Y,Y,N
123200540,Wilsons Phalarope,Resident,Bieber,59.9832916,Moderate,N,60,2.22,Spring 2022,123,10,6:22,13:15,F,NA,135,33.6,60.6,30.6,33.8,0,62.4,2,4.2,NA,-4.2,-4.2,4.15,0,0,4.15,0,0,478,0.96,1.24,Slight,None,None,NA,NA,Permanent,Grassland,Grassland,20,Alfalfa,20,100,90,10,29,N,NA,Y,Y,N
123200541,Wilsons Phalarope,Resident,Bieber,59.9832916,Moderate,N,60,2.22,Spring 2022,123,10,6:22,14:45,F,NA,136,34.3,60.6,30.6,35.8,0,58.1,0,7.9,NA,-7.9,-7.9,0.375,0,0,0.375,0,0,547,1.65,0,Slight,None,None,NA,NA,Permanent,Grassland,Grassland,20,Alfalfa,20,100,90,10,29,N,NA,Y,Y,N
123200542,Wilsons Phalarope,Resident,Bieber,59.9832916,Moderate,N,60,2.22,Spring 2022,123,10,6:22,15:20,F,NA,140,33.2,60.5,30.8,33.9,0,60.2,3,3.9,NA,-3.9,-3.9,7.4,0,0,7.4,0,0,716,1.7,1.03,Slight,None,None,NA,NA,Permanent,Grassland,Grassland,20,Alfalfa,20,100,90,10,29,N,NA,Y,Y,N
123200543,Wilsons Phalarope,Resident,Bieber,59.9832916,Moderate,N,60,2.22,Spring 2022,123,10,6:22,15:20,F,NA,136,35,61.8,31.5,33.8,0,60.3,0,5.1,NA,-5.1,-5.1,12.875,0,0,12.875,0,0,NA,NA,NA,NA,NA,NA,NA,NA,Permanent,Grassland,Grassland,20,Alfalfa,20,100,90,10,29,N,NA,Y,Y,N
123200544,Wilsons Phalarope,Resident,Bieber,59.9832916,Moderate,N,60,2.22,Spring 2022,123,10,6:22,15:20,F,NA,134,35.2,62.9,31.7,33,0,62.1,1,5.4,NA,-5.4,-5.4,0.4,0,0,0.4,0,0,651,1.4,2.45,Slight,None,None,NA,NA,Permanent,Grassland,Grassland,20,Alfalfa,20,100,90,10,29,N,NA,Y,Y,N
1232-00547,Killdeer,Resident,RoadWPA,36.0244233,Moderate,N,100,1.78,Spring 2023,114,2,6:40,17:47,M,NA,167,19.1,48.8,12.6,37.3,0,97.4,2,5.25,4.75,-5.25,-5.25,0.3,0,0,0.3,0,0,620,2.16,0.22,OnePlus,TwoPlus,Slight,0.2456,4,Permanent,Grassland,Grassland,10,Barley,240,33.4,100,27,63,N,Y,Y,Y,Y
1603-40801,Greater Yellowlegs,Migratory,RoadWPA,36.0244233,Moderate,N,100,1.78,Spring 2023,114,2,6:40,16:10,M,NA,194,54.8,91.9,45.2,58.1,1,148.7,2,5.05,4.95,-5.05,-5.05,0,0,0,0,0,0,593,2.78,0.33,Slight,ThreePlus,OnePlus,0.2456,4,Permanent,Grassland,Grassland,10,Barley,240,33.4,100,27,63,N,Y,N,Y,Y
1232-00548,Killdeer,Resident,RoadWPA,36.0244233,Moderate,N,100,1.78,Spring 2023,115,3,6:38,16:30,M,NA,160,20.5,51.5,14.3,38.1,0,87.8,1,6.1,4.1,-6.1,-6.1,0,0,0,0,0,0,1473,2.19,0.48,Slight,OnePlus,Slight,0.2456,4,Permanent,Grassland,Grassland,10,Barley,240,33.4,100,27,26,N,Y,N,Y,Y
1232-00549,Killdeer,Resident,Huesers,75.1006711,High,N,12,0.56,Spring 2023,120,8,6:29,16:40,F,NA,164,23.1,52,12.8,37.8,0,124.6,2,5.38,4.4,-5.38,-5.38,0,0,0,0,0,0,795,8.15,0.62,Slight,OnePlus,None,0.1084,5,Permanent,Wheat,Agriculture,40,Wheat,176,120,100,100,32,N,Y,N,Y,Y
1094-71901,Willet,Resident,Huesers,75.1006711,High,N,12,0.56,Spring 2023,121,9,6:27,16:30,F,NA,217,61.2,109.5,43.2,62.8,1,237.5,2,5.65,NA,-5.65,-5.65,0,0,0,0,0,0,NA,NA,NA,NA,NA,NA,0.1084,5,Permanent,Wheat,Agriculture,40,Wheat,176,120,100,100,25,N,Y,N,Y,Y
1232-00550,Longbilled Dowitcher,Migratory,Huesers,75.1006711,High,N,12,0.56,Spring 2023,122,10,6:25,12:30,F,NA,151,67.7,98.6,61.6,37.8,0,102.6,2,4.6,4,-4.6,-4.6,0,0,0,0,0,0,405,1.96,0.48,None,TwoPlus,None,0.1084,5,Permanent,Wheat,Agriculture,40,Wheat,176,120,100,100,16,N,Y,N,Y,Y
1094-71902,Willet,Resident,RoadWPA,36.0244233,Moderate,N,100,1.78,Spring 2023,123,11,6:24,14:30,M,NA,214,58.5,100,45.5,63,0,228.1,1,6.45,NA,-6.45,-6.45,0.8,0,0.4,0.4,0,0,1232,1.48,0.76,OnePlus,ThreePlus,NA,0.2456,4,Permanent,Grassland,Grassland,10,Barley,240,33.4,100,27,102,N,Y,Y,Y,Y
1094-71903,Willet,Resident,RoadWPA,36.0244233,Moderate,N,100,1.78,Spring 2023,123,11,6:24,17:50,F,NA,221,63.5,101.5,49.6,63.4,1,318.8,3,5.2,NA,-5.2,-5.2,0.35,0,0.35,0,0,0,996,2.66,0.46,Slight,ThreePlus,None,0.2456,4,Permanent,Grassland,Grassland,10,Barley,240,33.4,100,27,102,N,Y,Y,Y,Y
1232-00551,Longbilled Dowitcher,Migratory,RoadWPA,36.0244233,Moderate,N,100,1.78,Spring 2023,123,11,6:24,10:15,M,NA,146,62.4,90.5,56.8,39.2,0,100,2,5.5,4.05,-5.5,-5.5,0,0,0,0,0,0,1103,2.27,0.39,Slight,ThreePlus,None,0.2456,4,Permanent,Grassland,Grassland,10,Barley,240,33.4,100,27,102,N,Y,N,Y,Y
1232-00552,Longbilled Dowitcher,Migratory,RoadWPA,36.0244233,Moderate,N,100,1.78,Spring 2023,123,11,6:24,17:50,M,NA,145,63.9,91,55.1,39.4,0,93.6,2,5.1,4.6,-5.1,-5.1,0,0,0,0,0,0,660,3.25,0.15,Slight,ThreePlus,Slight,0.2456,4,Permanent,Grassland,Grassland,10,Barley,240,33.4,100,27,102,N,Y,N,Y,Y
1232-00553,Longbilled Dowitcher,Migratory,RoadWPA,36.0244233,Moderate,N,100,1.78,Spring 2023,123,11,6:24,19:30,M,NA,139,61.5,92,56.2,38,0,111.2,2,5,3.1,-5,-5,0,0,0,0,0,0,1439,3.23,0.03,OnePlus,ThreePlus,Slight,0.2456,4,Permanent,Grassland,Grassland,10,Barley,240,33.4,100,27,102,N,Y,N,Y,Y
1232-00554,Longbilled Dowitcher,Migratory,RoadWPA,36.0244233,Moderate,N,100,1.78,Spring 2023,123,11,6:24,20:40,F,NA,149,73.8,106.7,68.8,43.6,0,110,2,4.75,3.75,-4.75,-4.75,0,0,0,0,0,0,1322,3.09,0,None,ThreePlus,None,0.2456,4,Permanent,Grassland,Grassland,10,Barley,240,33.4,100,27,102,N,Y,N,Y,Y
1232-00555,Longbilled Dowitcher,Migratory,Huesers,75.1006711,High,N,12,0.56,Spring 2023,128,16,6:16,14:47,M,NA,141,60.5,88.6,55.2,35,1,104.7,2,5.35,4.6,-5.35,-5.35,0,0,0,0,0,0,1332,3.15,0.05,Slight,ThreePlus,Slight,0.1084,5,Permanent,Wheat,Agriculture,40,Wheat,176,120,100,100,129,N,Y,N,Y,Y
1232-00556,Wilsons Phalarope,Resident,Huesers,75.1006711,High,N,12,0.56,Spring 2023,128,16,6:16,16:45,F,NA,133,34.1,60,29.5,33.6,0,60.2,2,5,4.5,-5,-5,0,0,0,0,0,0,843,2.65,1.11,Slight,TwoPlus,None,0.1084,5,Permanent,Wheat,Agriculture,40,Wheat,176,120,100,100,129,N,Y,N,Y,Y
1094-71904,Willet,Resident,Huesers,75.1006711,High,N,12,0.56,Spring 2023,129,17,6:15,11:35,M,NA,206,56.8,95,40.8,67,0,234.6,2,6.4,NA,-6.4,-6.4,1.325,0,1.325,0,0,0,NA,NA,NA,NA,NA,NA,0.1084,5,Permanent,Wheat,Agriculture,40,Wheat,176,120,100,100,95,N,Y,Y,Y,Y
1232-00557,Wilsons Phalarope,Resident,Huesers,75.1006711,High,N,12,0.56,Spring 2023,129,17,6:15,14:00,F,NA,131,33.1,59.3,29.7,30.7,0,42.1,1,7.2,5.2,-7.2,-7.2,0,0,0,0,0,0,409,1.67,1.22,OnePlus,ThreePlus,None,0.1084,5,Permanent,Wheat,Agriculture,40,Wheat,176,120,100,100,95,N,Y,N,Y,Y
1232-00558,Killdeer,Resident,Huesers,75.1006711,High,N,12,0.56,Spring 2023,129,17,6:15,18:22,M,NA,161,16.5,48.2,12.3,36.7,0,83.5,2,4.3,3.9,-4.3,-4.3,0,0,0,0,0,0,389,1.97,1.13,OnePlus,ThreePlus,None,0.1084,5,Permanent,Wheat,Agriculture,40,Wheat,176,120,100,100,95,N,Y,N,Y,Y
1341-36533,Least Sandpiper,Migratory,Huesers,75.1006711,High,N,12,0.56,Spring 2023,129,17,6:15,16:15,M,NA,84,17,36.8,14.1,19.8,0,15.9,2,NA,4.2,-4.2,-4.2,0,0,0,0,0,0,NA,NA,NA,NA,NA,NA,0.1084,5,Permanent,Wheat,Agriculture,40,Wheat,176,120,100,100,95,N,Y,N,Y,Y
1094-71905,Willet,Resident,Huesers,75.1006711,High,N,12,0.56,Spring 2023,130,18,6:13,11:17,F,NA,210,61.5,102.2,48.8,63.1,1,359,1,7.4,NA,-7.4,-7.4,0,0,0,0,0,0,499,7.27,0.16,TwoPlus,ThreePlus,NA,0.1084,5,Permanent,Wheat,Agriculture,40,Wheat,176,120,100,100,52,N,Y,N,Y,Y
1232-00559,Killdeer,Resident,Huesers,75.1006711,High,N,12,0.56,Spring 2023,130,18,6:13,15:18,M,NA,162,22.2,51.1,13.5,37.1,0,99.4,2,5.5,3.9,-5.5,-5.5,0,0,0,0,0,0,504,1.83,0.57,OnePlus,ThreePlus,Gross,0.1084,5,Permanent,Wheat,Agriculture,40,Wheat,176,120,100,100,52,N,Y,N,Y,Y
1341-36534,Least Sandpiper,Migratory,Huesers,75.1006711,High,N,12,0.56,Spring 2023,130,18,6:13,9:55,M,NA,80,18.2,38.4,14.1,19,0,18,2,NA,2.4,-2.4,-2.4,0,0,0,0,0,0,NA,NA,NA,NA,NA,NA,0.1084,5,Permanent,Wheat,Agriculture,40,Wheat,176,120,100,100,52,N,Y,N,Y,Y
1341-36535,Least Sandpiper,Migratory,Huesers,75.1006711,High,N,12,0.56,Spring 2023,130,18,6:13,16:58,M,NA,86,15,35.6,12.2,18.4,1,17.2,2,NA,3.75,-3.75,-3.75,0,0,0,0,0,0,1233,0.93,1.88,Slight,OnePlus,NA,0.1084,5,Permanent,Wheat,Agriculture,40,Wheat,176,120,100,100,52,N,Y,N,Y,Y
1341-36536,Least Sandpiper,Migratory,Huesers,75.1006711,High,N,12,0.56,Spring 2023,130,18,6:13,18:30,M,NA,60,17.9,37.4,14.8,20.2,0,18.8,2,NA,4.2,-4.2,-4.2,0,0,0,0,0,0,NA,NA,NA,NA,NA,NA,0.1084,5,Permanent,Wheat,Agriculture,40,Wheat,176,120,100,100,52,N,Y,N,Y,Y
1094-71906,American Avocet,Resident,Virgil,84.8765432,High,N,28,0.52,Spring 2023,136,24,6:03,4:50,M,NA,219,95.1,130.5,82,95.1,0,281.3,2,6.13,NA,-6.13,-6.13,0.25,0,0,0.25,0,0,281,0.77,0.53,Slight,TwoPlus,NA,0.0001,1,Semipermanent,Canola,Agriculture,0,Canola,348,0,0,100,66,N,N,Y,Y,N
1232-00560,Shortbilled Dowitcher,Migratory,Virgil,84.8765432,High,N,28,0.52,Spring 2023,136,24,6:03,6:00,M,NA,143,57.2,85.8,51.2,35.2,0,108.3,2,5.3,4.15,-5.3,-5.3,0,0,0,0,0,0,374,2.24,0.52,None,TwoPlus,Gross,0.0001,1,Semipermanent,Canola,Agriculture,0,Canola,348,0,0,100,66,N,N,N,N,N
1232-00561,Wilsons Phalarope,Resident,Virgil,84.8765432,High,N,28,0.52,Spring 2023,136,24,6:03,7:30,F,NA,135,35.4,63.6,31.6,35,0,67.5,2,4.1,3.2,-4.1,-4.1,0,0,0,0,0,0,872,1.92,1.59,None,ThreePlus,OnePlus,0.0001,1,Semipermanent,Canola,Agriculture,0,Canola,348,0,0,100,66,N,N,N,N,N
1232-00562,Wilsons Phalarope,Resident,Virgil,84.8765432,High,N,28,0.52,Spring 2023,136,24,6:03,7:30,F,NA,130,32.8,59.5,29.6,32.8,0,53.9,2,5.6,4.7,-5.6,-5.6,0.95,0,0.625,0.325,0,0,816,1.61,0.63,None,TwoPlus,None,0.0001,1,Semipermanent,Canola,Agriculture,0,Canola,348,0,0,100,66,N,N,Y,Y,N
1341-36537,Semipalmated Sandpiper,Migratory,Virgil,84.8765432,High,N,28,0.52,Spring 2023,136,24,6:03,6:15,F,NA,93,18.6,39.3,14.3,21.2,0,17.8,2,NA,5.3,-5.3,-5.3,0,0,0,0,0,0,784,1.78,1.61,NA,TwoPlus,NA,0.0001,1,Semipermanent,Canola,Agriculture,0,Canola,348,0,0,100,66,N,N,N,N,N
1341-36538,Semipalmated Sandpiper,Migratory,Virgil,84.8765432,High,N,28,0.52,Spring 2023,136,24,6:03,6:15,M,NA,93,17.7,38.2,14.5,21.7,0,20,2,NA,4.3,-4.3,-4.3,0,0,0,0,0,0,763,1.42,NA,Slight,ThreePlus,NA,0.0001,1,Semipermanent,Canola,Agriculture,0,Canola,348,0,0,100,66,N,N,N,N,N
1094-71907,American Avocet,Resident,Virgil,84.8765432,High,N,28,0.52,Spring 2023,137,25,6:01,4:50,M,NA,222,96.2,134.9,83.7,98.5,0,205.5,2,5.6,NA,-5.6,-5.6,0.325,0,0,0.325,0,0,NA,NA,NA,NA,NA,NA,0.0001,1,Semipermanent,Canola,Agriculture,0,Canola,348,0,0,100,110,N,N,Y,Y,N
1232-00563,Wilsons Phalarope,Resident,Virgil,84.8765432,High,N,28,0.52,Spring 2023,137,25,6:01,0:48,F,NA,133,36,64.2,34.1,33.3,0,72.3,2,4.9,3.9,-4.9,-4.9,0,0,0,0,0,0,901,7.86,1.31,Slight,Slight,None,0.0001,1,Semipermanent,Canola,Agriculture,0,Canola,348,0,0,100,110,N,N,N,N,N
1341-36539,Semipalmated Sandpiper,Migratory,Virgil,84.8765432,High,N,28,0.52,Spring 2023,137,25,6:01,3:20,F,NA,101,18.3,40.9,16.1,23.9,0,15,2,NA,3.5,-3.5,-3.5,0.34375,0,0,0.34375,0,0,NA,NA,NA,NA,NA,NA,0.0001,1,Semipermanent,Canola,Agriculture,0,Canola,348,0,0,100,110,N,N,Y,Y,N
1341-36540,Semipalmated Sandpiper,Migratory,Virgil,84.8765432,High,N,28,0.52,Spring 2023,137,25,6:01,4:30,M,NA,96,17.6,38.2,14.9,22.4,0,25.6,2,NA,3.6,-3.6,NA,0,0,0,0,0,0,NA,NA,NA,NA,NA,NA,0.0001,1,Semipermanent,Canola,Agriculture,0,Canola,348,0,0,100,110,N,N,N,N,N
1341-36541,Least Sandpiper,Migratory,Virgil,84.8765432,High,N,28,0.52,Spring 2023,137,25,6:01,5:30,M,NA,88,19,38.4,15,17.5,0,23.7,2,NA,3.3,-3.3,-3.3,3.7,0,0,3.7,0,0,NA,NA,NA,NA,NA,NA,0.0001,1,Semipermanent,Canola,Agriculture,0,Canola,348,0,0,100,110,N,N,Y,Y,N
1341-36542,Semipalmated Sandpiper,Migratory,Virgil,84.8765432,High,N,28,0.52,Spring 2023,137,25,6:01,6:20,F,NA,97,19,39,15.7,24.4,0,25,2,NA,3.7,-3.7,-3.7,0.25,0,0,0.25,0,0,NA,NA,NA,NA,NA,NA,0.0001,1,Semipermanent,Canola,Agriculture,0,Canola,348,0,0,100,110,N,N,Y,Y,N
1341-36543,Least Sandpiper,Migratory,Virgil,84.8765432,High,N,28,0.52,Spring 2023,137,25,6:01,6:40,NA,NA,83,19.5,38.1,16.6,22.9,0,21.4,1,NA,NA,NA,NA,NA,NA,NA,NA,NA,NA,NA,NA,NA,NA,NA,NA,0.0001,1,Semipermanent,Canola,Agriculture,0,Canola,348,0,0,100,110,N,N,NA,N,N
1341-36544,Least Sandpiper,Migratory,Virgil,84.8765432,High,N,28,0.52,Spring 2023,137,25,6:01,7:45,M,NA,88,18.9,39.4,16.2,21.4,0,21.5,2,NA,3,-3,-3,8.458333333,0,0,8.458333333,0,0,NA,NA,NA,NA,NA,NA,0.0001,1,Semipermanent,Canola,Agriculture,0,Canola,348,0,0,100,110,N,N,Y,Y,N
1341-36545,Semipalmated Sandpiper,Migratory,Virgil,84.8765432,High,N,28,0.52,Spring 2023,137,25,6:01,7:45,F,NA,95,18.1,38.6,15,23.9,0,18.9,2,NA,3.2,-3.2,-3.2,0.958333333,0,0,0.958333333,0,0,NA,NA,NA,NA,NA,NA,0.0001,1,Semipermanent,Canola,Agriculture,0,Canola,348,0,0,100,110,N,N,Y,Y,N
1232-00564,Lesser Yellowlegs,Migratory,Lodge,6.9126074,Low,Y,8,-1.67,Fall 2023,192,0,5:54,11:20,M,Adult,152,37,67.8,29.7,48.6,0,82.8,2,3.9,3.6,-3.9,-3.9,0.325,0,0.325,0,0,0,NA,NA,NA,NA,NA,NA,3.0793,6,Permanent,Grassland,Grassland,570,Alfalfa,250,45,87,8,80,N,N,Y,Y,N
1232-00565,Pectoral Sandpiper,Migratory,Lodge,6.9126074,Low,Y,8,-1.67,Fall 2023,192,0,5:54,14:00,M,NA,141,29.8,56.8,24.7,29.4,0,69.8,2,6.3,4.35,-6.3,-6.3,0,0,0,0,0,0,1595,2.43,0.19,OnePlus,None,None,3.0793,6,Permanent,Grassland,Grassland,570,Alfalfa,250,45,87,8,80,N,N,N,N,N
1341-36546,Least Sandpiper,Migratory,Lodge,6.9126074,Low,Y,8,-1.67,Fall 2023,192,0,5:54,12:45,M,NA,83,17.8,36.4,14.3,20.4,3,14.9,2,NA,4.3,-4.3,-4.3,0,0,0,0,0,0,NA,NA,NA,NA,NA,NA,3.0793,6,Permanent,Grassland,Grassland,570,Alfalfa,250,45,87,8,80,N,N,N,N,N
1094-71908,Willet,Resident,Lodge,6.9126074,Low,Y,8,-1.67,Fall 2023,193,1,5:55,10:40,M,NA,206,60.1,98.2,44.5,62,0,245.5,1,6.7,NA,-6.7,-6.7,0,0,0,0,0,0,NA,NA,NA,NA,NA,NA,3.0793,6,Permanent,Grassland,Grassland,570,Alfalfa,250,45,87,8,26,N,N,N,N,N
1232-00566,Lesser Yellowlegs,Migratory,Lodge,6.9126074,Low,Y,8,-1.67,Fall 2023,193,1,5:55,11:00,M,Adult,154,35.3,65.3,28.3,50,0,93.4,1,4.55,4.35,-4.55,-4.55,0,0,0,0,0,0,1093,1.72,0.2,None,OnePlus,OnePlus,3.0793,6,Permanent,Grassland,Grassland,570,Alfalfa,250,45,87,8,26,N,N,N,N,N
1232-00567,Pectoral Sandpiper,Migratory,Brandon,21.5455476,Low,Y,99,-1.51,Fall 2023,196,3,6:03,4:50,F,NA,NA,NA,NA,NA,NA,0,48.5,2,5.5,4.5,-5.5,-5.5,NA,NA,NA,NA,NA,NA,NA,NA,NA,NA,NA,NA,0.331,8,Permanent,Grassland,Grassland,130,Canola,35,4,12,15,35,N,Y,NA,Y,Y
1232-00568,Killdeer,Resident,Brandon,21.5455476,Low,Y,99,-1.51,Fall 2023,196,3,6:03,5:55,NA,NA,168,20.8,50.3,12.8,37.6,2,84.3,2,5.1,4.2,-5.1,-5.1,NA,NA,NA,NA,NA,NA,NA,NA,NA,NA,NA,NA,0.331,8,Permanent,Grassland,Grassland,130,Canola,35,4,12,15,35,N,Y,NA,Y,Y
1232-00569,Pectoral Sandpiper,Migratory,Brandon,21.5455476,Low,Y,99,-1.51,Fall 2023,196,3,6:03,5:59,M,NA,139,27.9,59.2,22.6,29.4,0,64.5,1,7.7,5.36,-7.7,-7.7,9.025,0,0,0,9.025,0,NA,NA,NA,NA,NA,NA,0.331,8,Permanent,Grassland,Grassland,130,Canola,35,4,12,15,35,N,Y,Y,Y,Y
1341-36547,Semipalmated Sandpiper,Migratory,Brandon,21.5455476,Low,Y,99,-1.51,Fall 2023,196,3,6:03,4:30,F,NA,96,28.5,39.1,15.5,22.5,3,19.1,2,NA,4.45,-4.45,-4.45,0,0,0,0,0,0,NA,NA,NA,NA,NA,NA,0.331,8,Permanent,Grassland,Grassland,130,Canola,35,4,12,15,35,N,Y,N,Y,Y
1341-36548,Least Sandpiper,Migratory,Brandon,21.5455476,Low,Y,99,-1.51,Fall 2023,196,3,6:03,5:30,M,NA,NA,NA,NA,NA,NA,3,19.9,2,NA,3.8,-3.8,-3.8,0,0,0,0,0,0,NA,NA,NA,NA,NA,NA,0.331,8,Permanent,Grassland,Grassland,130,Canola,35,4,12,15,35,N,Y,N,Y,Y
1232-00570,Lesser Yellowlegs,Migratory,Brandon,21.5455476,Low,Y,99,-1.51,Fall 2023,198,5,6:05,10:50,F,Adult,159,36.9,63.9,28.5,47.8,3,82.5,1,5.8,4.15,-5.8,-5.8,0,0,0,0,0,0,NA,2.77,0.16,OnePlus,None,OnePlus,0.331,8,Permanent,Grassland,Grassland,130,Canola,35,4,12,15,35,N,Y,N,Y,Y
1094-71909,Willet,Resident,USWPA,28.1001833,Moderate,N,28,-1.42,Fall 2023,199,6,6:06,16:45,M,NA,201,57.9,95.2,42.6,62.6,0,201.8,0,8.6,NA,-8.6,-8.6,0,0,0,0,0,0,857,1.28,0.32,OnePlus,Slight,None,0.3706,6,Permanent,Grassland,Grassland,50,Wheat,200,0,0,20,1037,N,Y,N,Y,Y
1232-00571,Wilsons Phalarope,Resident,USWPA,28.1001833,Moderate,N,28,-1.42,Fall 2023,199,6,6:06,16:35,M,NA,120,33.8,57.8,29.2,31.2,4,59.5,1,6,4.35,-6,-6,0.275,0,0,0.275,0,0,826,1.95,0.24,None,Slight,None,0.3706,6,Permanent,Grassland,Grassland,50,Wheat,200,0,0,20,1037,N,Y,Y,Y,Y
1232-00572,Pectoral Sandpiper,Migratory,Hanson,64.1634456,Moderate,N,93,-1.51,Fall 2023,201,8,6:08,5:00,M,NA,148,30.2,57.6,27.1,29.1,1,NA,2,6.76,4.7,-6.76,-6.76,0,0,0,0,0,0,1175,1.85,0.57,Slight,None,None,0.0111,4,Permanent,Canola,Agriculture,15,Canola,20,60,100,10,45,N,N,N,N,N
1341-36549,Semipalmated Sandpiper,Migratory,Hanson,64.1634456,Moderate,N,93,-1.51,Fall 2023,201,8,6:08,3:20,F,NA,95,18,40.2,15.3,24.5,2,18.3,2,NA,4.8,-4.8,-4.8,0,0,0,0,0,0,NA,NA,NA,NA,NA,NA,0.0111,4,Permanent,Canola,Agriculture,15,Canola,20,60,100,10,45,N,N,N,N,N
1341-36550,Least Sandpiper,Migratory,Hanson,64.1634456,Moderate,N,93,-1.51,Fall 2023,201,8,6:08,4:42,M,NA,NA,NA,NA,NA,NA,NA,NA,NA,NA,NA,NA,NA,NA,NA,NA,NA,NA,NA,NA,NA,NA,NA,NA,NA,0.0111,4,Permanent,Canola,Agriculture,15,Canola,20,60,100,10,45,N,N,NA,N,N
1341-36551,Least Sandpiper,Migratory,Hanson,64.1634456,Moderate,N,93,-1.51,Fall 2023,201,8,6:08,4:55,M,NA,85,NA,NA,NA,NA,3,17.3,1,NA,3.9,-3.9,-3.9,NA,NA,NA,NA,NA,NA,NA,NA,NA,NA,NA,NA,0.0111,4,Permanent,Canola,Agriculture,15,Canola,20,60,100,10,45,N,N,NA,N,N
1341-36552,Least Sandpiper,Migratory,Hanson,64.1634456,Moderate,N,93,-1.51,Fall 2023,201,8,6:08,6:00,M,NA,85,17.6,37,14.2,19.2,2,14.5,1,NA,3.05,-3.05,-3.05,0,0,0,0,0,0,NA,NA,NA,NA,NA,NA,0.0111,4,Permanent,Canola,Agriculture,15,Canola,20,60,100,10,45,N,N,N,N,N
1232-00573,Pectoral Sandpiper,Migratory,Richard,39.1171994,Moderate,N,80,-1.32,Fall 2023,208,15,6:15,9:32,F,NA,125,28.1,51.1,21.7,28.9,0,45.7,1,6.45,4.9,-6.45,-6.45,0,0,0,0,0,0,1462,1.93,0.76,OnePlus,OnePlus,None,0.0643,3,Permanent,Grassland,Grassland,15,Wheat,15,50,100,40,72,N,N,N,N,N
1232-00574,Lesser Yellowlegs,Migratory,Richard,39.1171994,Moderate,N,80,-1.32,Fall 2023,208,15,6:15,11:15,M,Juvenile,151,37,66.1,30.1,54.7,3,77.5,1,7.45,5,-7.45,-7.45,0,0,0,0,0,0,1686,2.35,0.49,Slight,None,None,0.0643,3,Permanent,Grassland,Grassland,15,Wheat,15,50,100,40,72,N,N,N,N,N
1232-00575,Lesser Yellowlegs,Migratory,Richard,39.1171994,Moderate,N,80,-1.32,Fall 2023,208,15,6:15,13:30,F,Juvenile,150,36.3,65.2,29.7,51,1,78.5,2,5.025,3.5,-5.025,-5.025,0,0,0,0,0,0,NA,NA,NA,NA,NA,NA,0.0643,3,Permanent,Grassland,Grassland,15,Wheat,15,50,100,40,72,N,N,N,N,N
1232-00576,Lesser Yellowlegs,Migratory,Richard,39.1171994,Moderate,N,80,-1.32,Fall 2023,209,16,6:16,20:02,F,Juvenile,152,33.5,61.9,27.1,50.2,1,80.9,1,5.6,3.7,-5.6,-5.6,1.825,0,0,0,1.825,0,1698,1.93,0.56,Slight,Slight,None,0.0643,3,Permanent,Grassland,Grassland,15,Wheat,15,50,100,40,101,N,N,Y,Y,N
1232-00577,Lesser Yellowlegs,Migratory,Richard,39.1171994,Moderate,N,80,-1.32,Fall 2023,209,16,6:18,21:52,F,Adult,159,34.1,65,28.3,50.9,3,92,2,5,4.16,-5,-5,0,0,0,0,0,0,NA,NA,NA,NA,NA,NA,0.0643,3,Permanent,Grassland,Grassland,15,Wheat,15,50,100,40,101,N,N,N,N,N
1232-00578,Lesser Yellowlegs,Migratory,Richard,39.1171994,Moderate,N,80,-1.32,Fall 2023,210,17,6:18,19:24,M,Juvenile,156,33.6,62.6,28.2,47.8,0,75.3,2,4.85,3.4,-4.85,-4.85,0,0,0,0,0,0,NA,1.54,NA,Slight,Slight,None,0.0643,3,Permanent,Grassland,Grassland,15,Wheat,15,50,100,40,89,N,N,N,N,N
1232-00579,Lesser Yellowlegs,Migratory,Richard,39.1171994,Moderate,N,80,-1.32,Fall 2023,210,17,6:18,21:20,M,Adult,151,34.3,64.6,28.4,53.9,3,86.3,2,6.15,4.5,-6.15,-6.15,0,0,0,0,0,0,1742,2.35,0.12,None,OnePlus,TwoPlus,0.0643,3,Permanent,Grassland,Grassland,15,Wheat,15,50,100,40,89,N,N,N,N,N
1232-00580,Wilsons Phalarope,Resident,Uhlich,56.7768038,Moderate,N,1,-0.26,Fall 2023,215,22,6:25,8:42,M,NA,122,28.9,52.2,26.9,34.1,0,45.3,1,8.45,4.8,-8.45,-8.45,0,0,0,0,0,0,1273,1.8,0.65,OnePlus,OnePlus,None,0.0163,4,Semipermanent,Wheat,Agriculture,15,Wheat,20,15,80,100,383,N,N,N,N,N
1232-00581,Lesser Yellowlegs,Migratory,Uhlich,56.7768038,Moderate,N,1,-0.26,Fall 2023,218,25,6:29,5:15,F,Juvenile,161,35.5,65.2,29.4,48.8,1,70.7,1,6.5,4.2,-6.5,-6.5,0,0,0,0,0,0,815,0.83,1.49,Slight,None,None,0.0163,4,Semipermanent,Wheat,Agriculture,15,Wheat,20,15,80,100,191,N,N,N,N,N
1232-00582,Lesser Yellowlegs,Migratory,Uhlich,56.7768038,Moderate,N,1,-0.26,Fall 2023,218,25,6:29,5:30,M,Adult,154,35.5,62.3,29.3,56,3,83.7,2,4.73,3.3,-4.73,-4.73,0,0,0,0,0,0,587,1.75,0.92,Slight,None,Slight,0.0163,4,Semipermanent,Wheat,Agriculture,15,Wheat,20,15,80,100,191,N,N,N,N,N
1232-00583,Lesser Yellowlegs,Migratory,Uhlich,56.7768038,Moderate,N,1,-0.26,Fall 2023,218,25,6:29,5:45,M,Adult,155,35.4,65.5,27,50.5,4,105,3,3.1,2,-3.1,-3.1,0.9,0,0.9,0,0,0,NA,NA,NA,NA,NA,NA,0.0163,4,Semipermanent,Wheat,Agriculture,15,Wheat,20,15,80,100,191,N,N,Y,Y,N
1341-36553,Least Sandpiper,Migratory,Uhlich,56.7768038,Moderate,N,1,-0.26,Fall 2023,218,25,6:29,3:45,M,NA,87,18.6,40.7,16.5,16.3,1,13.3,2,NA,3.8,-3.8,-3.8,0,0,0,0,0,0,NA,NA,NA,NA,NA,NA,0.0163,4,Semipermanent,Wheat,Agriculture,15,Wheat,20,15,80,100,191,N,N,N,N,N
1341-36554,Semipalmated Sandpiper,Migratory,Uhlich,56.7768038,Moderate,N,1,-0.26,Fall 2023,218,25,6:29,4:00,M,NA,97,18.8,40.6,15.1,23.8,3,24.7,2,NA,3.85,-3.85,-3.85,0,0,0,0,0,0,NA,NA,NA,NA,NA,NA,0.0163,4,Semipermanent,Wheat,Agriculture,15,Wheat,20,15,80,100,191,N,N,N,N,N
1341-36555,Semipalmated Sandpiper,Migratory,Uhlich,56.7768038,Moderate,N,1,-0.26,Fall 2023,218,25,6:29,4:30,F,NA,93,17.7,38.6,14.4,21.6,4,32,3,NA,3,-3,NA,0,0,0,0,0,0,1272,2.02,1.05,None,TwoPlus,Slight,0.0163,4,Semipermanent,Wheat,Agriculture,15,Wheat,20,15,80,100,191,N,N,N,N,N
1094-71910,American Avocet,Resident,Uhlich,56.7768038,Moderate,N,1,-0.26,Fall 2023,219,26,6:30,5:15,M,NA,224,91.3,136.2,75.5,89.8,0,279,0,7.7,NA,-7.7,-7.7,0,0,0,0,0,0,918,0.87,1.07,None,None,None,0.0163,4,Semipermanent,Wheat,Agriculture,15,Wheat,20,15,80,100,191,N,N,N,N,N
1232-00584,Lesser Yellowlegs,Migratory,Uhlich,56.7768038,Moderate,N,1,-0.26,Fall 2023,219,26,6:30,4:15,M,Adult,152,35.6,64.3,27.5,49.2,4,111.2,3,4.4,3.15,-4.4,-4.4,0,0,0,0,0,0,451,1.14,0.4,None,OnePlus,OnePlus,0.0163,4,Semipermanent,Wheat,Agriculture,15,Wheat,20,15,80,100,191,N,N,N,N,N
1341-36556,Least Sandpiper,Migratory,Uhlich,56.7768038,Moderate,N,1,-0.26,Fall 2023,219,26,6:30,4:40,M,NA,85,19.5,38.4,15.8,18.5,3,14.1,1,NA,3.7,-3.7,-3.7,0,0,0,0,0,0,NA,NA,NA,NA,NA,NA,0.0163,4,Semipermanent,Wheat,Agriculture,15,Wheat,20,15,80,100,191,N,N,N,N,N
1341-36557,Least Sandpiper,Migratory,Uhlich,56.7768038,Moderate,N,1,-0.26,Fall 2023,219,26,6:30,5:45,M,NA,85,18.2,37.9,14.7,18.5,0,17.1,1,NA,4.9,-4.9,-4.9,0,0,0,0,0,0,NA,NA,NA,NA,NA,NA,0.0163,4,Semipermanent,Wheat,Agriculture,15,Wheat,20,15,80,100,191,N,N,N,N,N
1341-36558,Semipalmated Sandpiper,Migratory,Uhlich,56.7768038,Moderate,N,1,-0.26,Fall 2023,219,26,6:30,6:30,F,NA,91,19.4,40.4,16,22.5,5,36.8,3,NA,2.4,-2.4,NA,0,0,0,0,0,0,970,2.17,1.42,None,OnePlus,OnePlus,0.0163,4,Semipermanent,Wheat,Agriculture,15,Wheat,20,15,80,100,191,N,N,N,N,N
1341-36559,Semipalmated Sandpiper,Migratory,Uhlich,56.7768038,Moderate,N,1,-0.26,Fall 2023,219,26,6:30,6:45,M,NA,89,19.3,39.3,15.1,21.4,3,23.4,2,NA,3.15,-3.15,-3.15,1.45,0,0,0,1.45,0,956,1.32,1.22,OnePlus,None,None,0.0163,4,Semipermanent,Wheat,Agriculture,15,Wheat,20,15,80,100,191,N,N,Y,Y,N
1341-36560,Least Sandpiper,Migratory,Uhlich,56.7768038,Moderate,N,1,-0.26,Fall 2023,220,27,6:31,4:10,M,NA,81,17.2,37.7,14.3,16.5,0,16.6,2,NA,3.6,-3.6,-3.6,0,0,0,0,0,0,NA,NA,NA,NA,NA,NA,0.0163,4,Semipermanent,Wheat,Agriculture,15,Wheat,20,15,80,100,191,N,N,N,N,N
1341-36561,Semipalmated Sandpiper,Migratory,Uhlich,56.7768038,Moderate,N,1,-0.26,Fall 2023,220,27,6:31,5:15,M,NA,91,18.6,41,15.3,22.9,2,21.9,2,NA,3.8,-3.8,-3.8,0,0,0,0,0,0,NA,NA,NA,NA,NA,NA,0.0163,4,Semipermanent,Wheat,Agriculture,15,Wheat,20,15,80,100,191,N,N,N,N,N
1341-36562,Least Sandpiper,Migratory,Uhlich,56.7768038,Moderate,N,1,-0.26,Fall 2023,220,27,6:31,5:30,M,NA,85,19.4,39.4,16.5,20.4,2,19.8,2,NA,4,-4,-4,0,0,0,0,0,0,NA,NA,NA,NA,NA,NA,0.0163,4,Semipermanent,Wheat,Agriculture,15,Wheat,20,15,80,100,191,N,N,N,N,N
1341-36563,Least Sandpiper,Migratory,Uhlich,56.7768038,Moderate,N,1,-0.26,Fall 2023,220,27,6:31,5:35,M,NA,89,20.3,39.6,16.4,19.7,2,19.9,2,NA,3.6,-3.6,-3.6,0,0,0,0,0,0,NA,NA,NA,NA,NA,NA,0.0163,4,Semipermanent,Wheat,Agriculture,15,Wheat,20,15,80,100,191,N,N,N,N,N
1341-36564,Semipalmated Sandpiper,Migratory,Uhlich,56.7768038,Moderate,N,1,-0.26,Fall 2023,220,27,6:31,5:45,F,NA,95,20.5,41.3,15.6,21.7,3,24.4,2,NA,3.5,-3.5,-3.5,0,0,0,0,0,0,NA,NA,NA,NA,NA,NA,0.0163,4,Semipermanent,Wheat,Agriculture,15,Wheat,20,15,80,100,191,N,N,N,N,N
1341-36565,Least Sandpiper,Migratory,Uhlich,56.7768038,Moderate,N,1,-0.26,Fall 2023,220,27,6:31,6:15,M,NA,89,20.2,41,16.3,18.8,2,19.1,2,NA,4.3,-4.3,-4.3,0,0,0,0,0,0,NA,NA,NA,NA,NA,NA,0.0163,4,Semipermanent,Wheat,Agriculture,15,Wheat,20,15,80,100,191,N,N,N,N,N
1341-36566,Least Sandpiper,Migratory,Uhlich,56.7768038,Moderate,N,1,-0.26,Fall 2023,220,27,6:31,7:45,M,NA,87,18.6,37.3,14.5,20.5,0,18.4,1,NA,4.2,-4.2,-4.2,0,0,0,0,0,0,834,1.09,NA,Slight,Slight,None,0.0163,4,Semipermanent,Wheat,Agriculture,15,Wheat,20,15,80,100,191,N,N,N,N,N
1341-36567,Least Sandpiper,Migratory,Uhlich,56.7768038,Moderate,N,1,-0.26,Fall 2023,220,27,6:31,7:45,M,NA,91,20.3,39.9,15.8,21.9,0,17.8,1,NA,4.45,-4.45,-4.45,0,0,0,0,0,0,NA,NA,NA,NA,NA,NA,0.0163,4,Semipermanent,Wheat,Agriculture,15,Wheat,20,15,80,100,191,N,N,N,N,N
1232-00585,Lesser Yellowlegs,Migratory,Uhlich,56.7768038,Moderate,N,1,-0.26,Fall 2023,221,28,6:33,17:58,F,Juvenile,155,38,66.5,31.5,55.3,0,77.2,1,7.4,5,-7.4,-7.4,0,0,0,0,0,0,903,1.75,0.63,Slight,OnePlus,OnePlus,0.0163,4,Semipermanent,Wheat,Agriculture,15,Wheat,20,15,80,100,191,N,N,N,N,N
1232-00586,Lesser Yellowlegs,Migratory,Uhlich,56.7768038,Moderate,N,1,-0.26,Fall 2023,221,28,6:33,19:25,M,Adult,153,37.4,67.6,30.6,54.3,4,92.5,2,5.7,4.2,-5.7,-5.7,0,0,0,0,0,0,1331,2.37,0.14,OnePlus,Slight,None,0.0163,4,Semipermanent,Wheat,Agriculture,15,Wheat,20,15,80,100,191,N,N,N,N,N
1232-00587,Lesser Yellowlegs,Migratory,Uhlich,56.7768038,Moderate,N,1,-0.26,Fall 2023,221,28,6:33,21:45,M,Adult,154,35.8,66.7,29.4,55.3,4,86.5,2,5.45,4.85,-5.45,-5.45,0,0,0,0,0,0,1401,2.53,0.38,Slight,Slight,Slight,0.0163,4,Semipermanent,Wheat,Agriculture,15,Wheat,20,15,80,100,191,N,N,N,N,N
1341-36568,Least Sandpiper,Migratory,Uhlich,56.7768038,Moderate,N,1,-0.26,Fall 2023,221,28,6:33,20:18,M,NA,88,17.2,36.8,14.1,18.9,3,15.4,2,NA,3.35,-3.35,-3.35,0,0,0,0,0,0,NA,NA,NA,NA,NA,NA,0.0163,4,Semipermanent,Wheat,Agriculture,15,Wheat,20,15,80,100,191,N,N,N,N,N
PESA1,Pectoral Sandpiper,Migratory,Uhlich,56.7768038,Moderate,N,1,-0.26,Fall 2023,221,28,6:33,22:00,NA,NA,132,28.3,52.3,23.2,27.2,0,53.3,1,7.8,4.9,-7.8,-7.8,NA,NA,NA,NA,NA,NA,NA,NA,NA,NA,NA,NA,0.0163,4,Semipermanent,Wheat,Agriculture,15,Wheat,20,15,80,100,191,N,N,NA,N,N
1232-00588,Killdeer,Resident,Glinz,67.6997245,Moderate,N,40,-0.52,Fall 2023,228,35,6:33,4:10,F,NA,156,22.3,50.3,13.6,35.8,0,73.8,1,8.8,5.3,-8.8,-8.8,0.425,0,0.425,0,0,0,384,0.99,1.16,None,None,None,0.2656,4,Semipermanent,Soybean,Agriculture,40,Soybean,38,41,60,90,182,N,Y,Y,Y,Y
1232-00589,Lesser Yellowlegs,Migratory,Glinz,67.6997245,Moderate,N,40,-0.52,Fall 2023,228,35,6:33,5:15,F,Adult,159,36.5,65.6,29.4,54.9,2,87.2,2,5.1,3.7,-5.1,-5.1,0,0,0,0,0,0,498,1.37,1.14,OnePlus,OnePlus,None,0.2656,4,Semipermanent,Soybean,Agriculture,40,Soybean,38,41,60,90,182,N,Y,N,Y,Y
1232-00590,Pectoral Sandpiper,Migratory,Glinz,67.6997245,Moderate,N,40,-0.52,Fall 2023,228,35,6:33,5:45,F,NA,125,26.6,49.5,22.1,29.4,4,82.8,3,3.65,2.9,-3.65,-3.65,0,0,0,0,0,0,788,3.38,0.34,OnePlus,OnePlus,OnePlus,0.2656,4,Semipermanent,Soybean,Agriculture,40,Soybean,38,41,60,90,182,N,Y,N,Y,Y
1341-36569,Least Sandpiper,Migratory,Glinz,67.6997245,Moderate,N,40,-0.52,Fall 2023,228,35,6:33,4:30,M,NA,85,20.3,39.5,16.5,28.8,2,20.5,2,NA,3.8,-3.8,-3.8,0,0,0,0,0,0,NA,NA,NA,NA,NA,NA,0.2656,4,Semipermanent,Soybean,Agriculture,40,Soybean,38,41,60,90,182,N,Y,N,Y,Y
1341-36570,Least Sandpiper,Migratory,Glinz,67.6997245,Moderate,N,40,-0.52,Fall 2023,228,35,6:33,4:45,M,NA,85,29,37,14.5,21.1,3,19,1,NA,3.9,-3.9,-3.9,NA,NA,NA,NA,NA,NA,NA,NA,NA,NA,NA,NA,0.2656,4,Semipermanent,Soybean,Agriculture,40,Soybean,38,41,60,90,182,N,Y,NA,Y,Y
1341-36571,Least Sandpiper,Migratory,Glinz,67.6997245,Moderate,N,40,-0.52,Fall 2023,228,35,6:33,4:50,M,NA,91,18.6,37.6,14.6,20.8,5,27.6,3,NA,3.4,-3.4,NA,0,0,0,0,0,0,1272,1.74,1.29,None,OnePlus,OnePlus,0.2656,4,Semipermanent,Soybean,Agriculture,40,Soybean,38,41,60,90,182,N,Y,N,Y,Y
1341-36572,Least Sandpiper,Migratory,Glinz,67.6997245,Moderate,N,40,-0.52,Fall 2023,228,35,6:33,5:00,M,NA,87,20.1,39.8,16.7,22.5,5,26.1,3,NA,2.9,-2.9,NA,0,0,0,0,0,0,NA,1.14,2.02,Slight,TwoPlus,None,0.2656,4,Semipermanent,Soybean,Agriculture,40,Soybean,38,41,60,90,182,N,Y,N,Y,Y
1341-36573,Least Sandpiper,Migratory,Glinz,67.6997245,Moderate,N,40,-0.52,Fall 2023,228,35,6:33,5:00,M,NA,85,18.4,38.2,14.7,17.5,4,20.6,2,NA,3.4,-3.4,-3.4,0,0,0,0,0,0,NA,NA,NA,NA,NA,NA,0.2656,4,Semipermanent,Soybean,Agriculture,40,Soybean,38,41,60,90,182,N,Y,N,Y,Y
1341-36574,Least Sandpiper,Migratory,Glinz,67.6997245,Moderate,N,40,-0.52,Fall 2023,228,35,6:33,5:00,M,NA,88,17.8,38.1,14.1,21.1,2,17.2,2,NA,3.7,-3.7,-3.7,0,0,0,0,0,0,NA,NA,NA,NA,NA,NA,0.2656,4,Semipermanent,Soybean,Agriculture,40,Soybean,38,41,60,90,182,N,Y,N,Y,Y
SEPA2,Semipalmated Sandpiper,Migratory,Glinz,67.6997245,Moderate,N,40,-0.52,Fall 2023,228,35,6:33,4:25,NA,NA,94,20.7,40.2,16.4,21.7,4,28,3,NA,2.2,-2.2,NA,NA,NA,NA,NA,NA,NA,NA,NA,NA,NA,NA,NA,0.2656,4,Semipermanent,Soybean,Agriculture,40,Soybean,38,41,60,90,182,N,Y,NA,Y,Y
1341-36575,Least Sandpiper,Migratory,Glinz,67.6997245,Moderate,N,40,-0.52,Fall 2023,229,36,6:35,5:45,M,NA,87,17.4,37.3,14,18.7,1,19.5,1,NA,4.9,-4.9,-4.9,0,0,0,0,0,0,NA,1.78,0.71,OnePlus,Slight,None,0.2656,4,Semipermanent,Soybean,Agriculture,40,Soybean,38,41,60,90,127,N,Y,N,Y,Y
1341-36576,Semipalmated Sandpiper,Migratory,Glinz,67.6997245,Moderate,N,40,-0.52,Fall 2023,229,36,6:35,5:55,F,NA,90,18.3,36.6,14.5,22.4,2,20.6,2,NA,4.45,-4.45,-4.45,0,0,0,0,0,0,NA,NA,NA,NA,NA,NA,0.2656,4,Semipermanent,Soybean,Agriculture,40,Soybean,38,41,60,90,127,N,Y,N,Y,Y
1341-36577,Least Sandpiper,Migratory,Glinz,67.6997245,Moderate,N,40,-0.52,Fall 2023,229,36,6:35,6:27,M,NA,86,17.5,37,14.1,18.1,0,17.4,1,NA,5,-5,-5,0,0,0,0,0,0,1137,1.11,2.2,Slight,Slight,None,0.2656,4,Semipermanent,Soybean,Agriculture,40,Soybean,38,41,60,90,127,N,Y,N,Y,Y
1341-36578,Least Sandpiper,Migratory,Glinz,67.6997245,Moderate,N,40,-0.52,Fall 2023,229,36,6:35,7:30,M,NA,85,20.4,37.7,17.3,20.3,1,19.8,1,NA,4.85,-4.85,-4.85,0.625,0,0,0.625,0,0,NA,NA,NA,NA,NA,NA,0.2656,4,Semipermanent,Soybean,Agriculture,40,Soybean,38,41,60,90,127,N,Y,Y,Y,Y
1232-00591,Lesser Yellowlegs,Migratory,Glinz,67.6997245,Moderate,N,40,-0.52,Fall 2023,232,39,6:39,17:45,F,Adult,154,36.3,68.2,28.6,53,0,72.7,1,8.55,5.2,-8.55,-8.55,0.25,0,0,0.25,0,0,1250,1,1.11,None,Slight,Slight,0.2656,4,Semipermanent,Soybean,Agriculture,40,Soybean,38,41,60,90,182,N,Y,Y,Y,Y
1232-00592,Lesser Yellowlegs,Migratory,Glinz,67.6997245,Moderate,N,40,-0.52,Fall 2023,232,39,6:39,17:45,F,Juvenile,145,35.6,66.5,30.4,50.4,2,74.8,2,6,3.4,-6,-6,0,0,0,0,0,0,541,1.1,0.85,None,None,None,0.2656,4,Semipermanent,Soybean,Agriculture,40,Soybean,38,41,60,90,182,N,Y,N,Y,Y
1232-00593,Killdeer,Resident,Glinz,67.6997245,Moderate,N,40,-0.52,Fall 2023,233,40,6:40,20:05,M,NA,143,17.9,48.6,11.5,36.9,0,74.8,1,7.1,5,-7.1,-7.1,0,0,0,0,0,0,76,0.9,0.67,Slight,None,None,0.2656,4,Semipermanent,Soybean,Agriculture,40,Soybean,38,41,60,90,108,N,Y,N,Y,Y
1232-00594,Lesser Yellowlegs,Migratory,Glinz,67.6997245,Moderate,N,40,-0.52,Fall 2023,234,41,6:41,17:10,M,Juvenile,154,36.5,69,30.4,56.5,0,76.2,1,7.7,5.5,-7.7,-7.7,0,0,0,0,0,0,2207,1.39,0.78,None,OnePlus,OnePlus,0.2656,4,Semipermanent,Soybean,Agriculture,40,Soybean,38,41,60,90,108,N,Y,N,Y,Y
1232-00595,Lesser Yellowlegs,Migratory,Glinz,67.6997245,Moderate,N,40,-0.52,Fall 2023,234,41,6:43,18:20,M,Adult,158,35.6,66.8,28.3,48.8,3,74.2,2,7.1,4.3,-7.1,-7.1,0,0,0,0,0,0,1370,1.4,0.75,None,OnePlus,OnePlus,0.2656,4,Semipermanent,Soybean,Agriculture,40,Soybean,38,41,60,90,108,N,Y,N,Y,Y
1232-00596,Pectoral Sandpiper,Migratory,Glinz,67.6997245,Moderate,N,40,-0.52,Fall 2023,235,42,6:43,16:55,F,NA,130,26.8,52.1,23,27.4,1,48.4,1,7.3,4.9,-7.3,-7.3,0,0,0,0,0,0,1138,1.5,0.65,None,OnePlus,None,0.2656,4,Semipermanent,Soybean,Agriculture,40,Soybean,38,41,60,90,106,N,Y,N,Y,Y
2561-78401,Pectoral Sandpiper,Migratory,Glinz,67.6997245,Moderate,N,40,-0.52,Fall 2023,235,42,6:43,20:10,F,NA,125,25.8,51.8,20.6,27.9,2,47.2,2,6.5,4,-6.5,-6.5,0,0,0,0,0,0,863,2.92,0.86,Slight,None,None,0.2656,4,Semipermanent,Soybean,Agriculture,40,Soybean,38,41,60,90,106,N,Y,N,Y,Y
1232-00597,Killdeer,Resident,Muske,48.2093664,Moderate,N,10,0.5,Fall 2023,236,43,6:43,20:35,F,NA,141,20,48.4,12.3,38.3,0,80.8,1,8.05,5.5,-8.05,-8.05,1015.175,0.4,0.75,0.725,1012.5,0.8,346,1.35,0.89,None,None,None,0.0706,2,Seasonal,Soybean,Agriculture,0.5,Soybean,365,10,30,100,97,N,Y,Y,Y,Y
1232-00598,Lesser Yellowlegs,Migratory,Muske,48.2093664,Moderate,N,10,0.5,Fall 2023,238,45,6:45,18:50,M,Juvenile,155,34.4,62.2,27.5,47.9,0,69.3,2,5.95,4.75,-5.95,-5.95,0,0,0,0,0,0,1004,2.35,0.22,Slight,None,OnePlus,0.0706,2,Seasonal,Soybean,Agriculture,0.5,Soybean,365,10,30,100,137,N,Y,N,Y,Y
1232-00599,Lesser Yellowlegs,Migratory,Muske,48.2093664,Moderate,N,10,0.5,Fall 2023,238,45,6:45,20:30,M,Adult,154,35.6,67.5,27.8,50.5,4,91.9,3,3.8,3.4,-3.8,-3.8,1.175,0,0,1.175,0,0,1128,2.01,0.11,Slight,Slight,Slight,0.0706,2,Seasonal,Soybean,Agriculture,0.5,Soybean,365,10,30,100,137,N,Y,Y,Y,Y
1232-00600,Lesser Yellowlegs,Migratory,Muske,48.2093664,Moderate,N,10,0.5,Fall 2023,239,46,6:47,17:45,M,Juvenile,158,36.3,68.3,30,51.4,3,76.4,2,7.1,4,-7.1,-7.1,0,0,0,0,0,0,1222,1.78,0.27,None,None,None,0.0706,2,Seasonal,Soybean,Agriculture,0.5,Soybean,365,10,30,100,84,N,Y,N,Y,Y
1341-36579,Semipalmated Sandpiper,Migratory,Muske,48.2093664,Moderate,N,10,0.5,Fall 2023,239,46,6:47,17:45,M,NA,91,20.1,40.9,16.4,22.9,5,24.6,3,NA,3.1,-3.1,-3.1,0,0,0,0,0,0,1295,1.83,0.27,Slight,OnePlus,Slight,0.0706,2,Seasonal,Soybean,Agriculture,0.5,Soybean,365,10,30,100,84,N,Y,N,Y,Y
1341-36580,Least Sandpiper,Migratory,Muske,48.2093664,Moderate,N,10,0.5,Fall 2023,239,46,6:47,17:45,M,NA,82,16.9,36.2,13.8,18.2,2,18.3,2,NA,4.7,-4.7,-4.7,0,0,0,0,0,0,NA,1.35,1.33,None,TwoPlus,TwoPlus,0.0706,2,Seasonal,Soybean,Agriculture,0.5,Soybean,365,10,30,100,84,N,Y,N,Y,Y
1412-94401,Killdeer,Resident,Muske,48.2093664,Moderate,N,10,0.5,Fall 2023,239,46,6:47,17:45,M,NA,160,19.6,49.9,12.9,34.3,0,69.6,1,7.2,4.75,-7.2,-7.2,0,0,0,0,0,0,500,1.09,1.08,None,None,None,0.0706,2,Seasonal,Soybean,Agriculture,0.5,Soybean,365,10,30,100,84,N,Y,N,Y,Y
1412-94402,Lesser Yellowlegs,Migratory,Muske,48.2093664,Moderate,N,10,0.5,Fall 2023,239,46,6:47,20:33,F,Juvenile,164,38,68.2,29.5,54.1,3,89.3,2,6.95,4.8,-6.95,-6.95,0,0,0,0,0,0,1799,2.74,0.23,OnePlus,None,OnePlus,0.0706,2,Seasonal,Soybean,Agriculture,0.5,Soybean,365,10,30,100,84,N,Y,N,Y,Y
2561-78402,Pectoral Sandpiper,Migratory,Muske,48.2093664,Moderate,N,10,0.5,Fall 2023,239,46,6:47,17:45,F,NA,124,27,51.5,21.8,26.8,4,68.9,3,5,3.4,-5,-5,0,0,0,0,0,0,1544,2.27,0.34,Slight,Slight,Slight,0.0706,2,Seasonal,Soybean,Agriculture,0.5,Soybean,365,10,30,100,84,N,Y,N,Y,Y
1341-36587,Least Sandpiper,Migratory,Muske,48.2093664,Moderate,N,10,0.5,Fall 2023,241,48,6:49,12:22,M,NA,86,16.5,36.4,13.2,19.4,6,28.1,3,NA,2.95,-2.95,NA,3.45,0,0.375,0,3.075,0,NA,NA,NA,NA,NA,NA,0.0706,2,Seasonal,Soybean,Agriculture,0.5,Soybean,365,10,30,100,28,N,Y,Y,Y,Y
1412-94403,Lesser Yellowlegs,Migratory,Muske,48.2093664,Moderate,N,10,0.5,Fall 2023,241,48,6:49,6:35,M,Juvenile,155,33.9,64.8,28.1,46.5,3,79.6,1,6.75,4.4,-6.75,-6.75,0,0,0,0,0,0,2,0.01,NA,None,None,None,0.0706,2,Seasonal,Soybean,Agriculture,0.5,Soybean,365,10,30,100,28,N,Y,N,Y,Y
1412-94404,Lesser Yellowlegs,Migratory,Muske,48.2093664,Moderate,N,10,0.5,Fall 2023,241,48,6:49,6:35,M,Juvenile,156,38,70.4,32.1,52,2,77.3,1,7.8,5.3,-7.8,-7.8,0,0,0,0,0,0,953,1.17,0.59,Slight,None,None,0.0706,2,Seasonal,Soybean,Agriculture,0.5,Soybean,365,10,30,100,28,N,Y,N,Y,Y
1412-94405,Lesser Yellowlegs,Migratory,Muske,48.2093664,Moderate,N,10,0.5,Fall 2023,241,48,6:49,9:10,F,Juvenile,161,35.5,67,29.1,51.5,5,108.6,3,4.45,3.15,-4.45,-4.45,1.1,0,0.675,0.425,0,0,908,1.85,0.13,TwoPlus,TwoPlus,OnePlus,0.0706,2,Seasonal,Soybean,Agriculture,0.5,Soybean,365,10,30,100,28,N,Y,Y,Y,Y
1412-94407,Lesser Yellowlegs,Migratory,Muske,48.2093664,Moderate,N,10,0.5,Fall 2023,241,48,6:49,10:40,F,Juvenile,161,37.6,68.9,28.8,53.5,4,96,2,4.55,4.1,-4.55,-4.55,0,0,0,0,0,0,1292,1.74,0.25,Slight,OnePlus,OnePlus,0.0706,2,Seasonal,Soybean,Agriculture,0.5,Soybean,365,10,30,100,28,N,Y,N,Y,Y
1412-94408,Lesser Yellowlegs,Migratory,Muske,48.2093664,Moderate,N,10,0.5,Fall 2023,241,48,6:49,12:22,M,Juvenile,154,34.5,65.9,27.8,49.5,5,106.2,3,4.2,2.85,-4.2,-4.2,0,0,0,0,0,0,1344,2.34,0.27,OnePlus,None,OnePlus,0.0706,2,Seasonal,Soybean,Agriculture,0.5,Soybean,365,10,30,100,28,N,Y,N,Y,Y
1412-94409,Killdeer,Resident,Muske,48.2093664,Moderate,N,10,0.5,Fall 2023,241,48,6:49,12:22,M,NA,158,21.1,48.4,12.9,34.3,0,74.2,1,5.75,4.35,-5.75,-5.75,0,0,0,0,0,0,NA,NA,NA,NA,NA,NA,0.0706,2,Seasonal,Soybean,Agriculture,0.5,Soybean,365,10,30,100,28,N,Y,N,Y,Y
